Workbook

Sheet Settings
A1: Air brake wind tunnel test log
A2: Log every tunnel run on the Tunnel runs tab. Combined and Summary update by themselves.
A4: How to use this workbook
A5: 1. Add each air brake version on the Designs tab (one row per version).
A6: 2. Log every tunnel measurement on Tunnel runs: one row per section (Nose, Air brake or Fin can) per run.
A7: 3. On Combined, add a row for each design, speed setpoint and deployment you tested. It averages repeat runs and adds the three sections together.
A8: 4. Summary shows drag coefficient against deployment and an estimated apogee for each design.
A9: Blue text: values you type. Yellow fill: needs your number. Black text: formulas, leave them alone.
A10: Need more rows? Select the last filled row on Tunnel runs or Combined and drag it down; the formulas copy with it.
A12: Constants and inputs
A13: Setting | B13: Value | C13: Unit | D13: Source / note
A14: Gas constant for dry air | B14: 287.05 | C14: J/(kg·K) | D14: Standard value for dry air
A15: Sutherland viscosity constant C1 | B15: 1.458e-06 | C15: kg/(m·s·K^0.5) | D15: Sutherland's law for air (standard constants)
A16: Sutherland temperature S | B16: 110.4 | C16: K | D16: Sutherland's law for air (standard constants)
A17: Gravity | B17: 9.81 | C17: m/s² | D17: Standard gravity
A18: Feet per metre | B18: 3.28084 | C18: ft/m | D18: Unit conversion
A19: Air density at launch site | B19: 1.225 | C19: kg/m³ | D19: ISA sea level. Replace with your launch site value.
A20: Target apogee | B20: 800 | C20: ft | D20: Source: user-provided (ARC target)
A21: Tunnel test-section area | C21: m² | D21: Fill in: width × height of your tunnel's test section
A22: Blockage limit | B22: 0.1 | C22: fraction | D22: Rule of thumb: above about 10% the walls inflate the drag reading

Sheet Designs
A1: Air brake designs
A2: One row per version. Design ID is what the other tabs look up, so keep it short and unique.
A4: Design ID | B4: Description | C4: Body tube OD (mm) | D4: Reference area (m²) | E4: Number of leaves | F4: Leaf width (mm) | G4: Leaf extension (mm) | H4: Brake area, fully open (cm²) | I4: Servo | J4: Rocket mass (g) | K4: CAD file / link | L4: Notes
A5: MIT-6in | B5: Example: MIT Rocket Team CDR design (replace with your own) | C5: 152.4 | D5: =IF(C5="","",PI()*(C5/2000)^2) | E5: 4 | F5: 88.9 | G5: 57.15 | H5: =IF(OR(E5="",F5="",G5=""),"",E5*F5*G5/100) | I5: 1500 oz-in industrial servo | K5: airbrake.fs | L5: Leaf size from the MIT wiki
D6: =IF(C6="","",PI()*(C6/2000)^2) | H6: =IF(OR(E6="",F6="",G6=""),"",E6*F6*G6/100)
D7: =IF(C7="","",PI()*(C7/2000)^2) | H7: =IF(OR(E7="",F7="",G7=""),"",E7*F7*G7/100)
D8: =IF(C8="","",PI()*(C8/2000)^2) | H8: =IF(OR(E8="",F8="",G8=""),"",E8*F8*G8/100)
D9: =IF(C9="","",PI()*(C9/2000)^2) | H9: =IF(OR(E9="",F9="",G9=""),"",E9*F9*G9/100)
D10: =IF(C10="","",PI()*(C10/2000)^2) | H10: =IF(OR(E10="",F10="",G10=""),"",E10*F10*G10/100)
D11: =IF(C11="","",PI()*(C11/2000)^2) | H11: =IF(OR(E11="",F11="",G11=""),"",E11*F11*G11/100)
D12: =IF(C12="","",PI()*(C12/2000)^2) | H12: =IF(OR(E12="",F12="",G12=""),"",E12*F12*G12/100)
D13: =IF(C13="","",PI()*(C13/2000)^2) | H13: =IF(OR(E13="",F13="",G13=""),"",E13*F13*G13/100)
D14: =IF(C14="","",PI()*(C14/2000)^2) | H14: =IF(OR(E14="",F14="",G14=""),"",E14*F14*G14/100)

Sheet Tunnel runs
A1: Wind tunnel runs
A2: One row per section per run. Grey columns are calculated.
A4: Run ID | B4: Date | C4: Design ID | D4: Section | E4: Deployment (%) | F4: Speed setpoint (m/s) | G4: Measured airspeed (m/s) | H4: Measured force (N) | I4: Tare force (N) | J4: Air temp (°C) | K4: Air pressure (kPa) | L4: Model frontal area (cm²) | M4: Notes | N4: Air density (kg/m³) | O4: Dynamic pressure (Pa) | P4: Net drag (N) | Q4: Body OD (m) | R4: Reference area (m²) | S4: Section drag coefficient | T4: Air viscosity (Pa·s) | U4: Reynolds number | V4: Blockage | W4: Blockage check | X4: Condition key
A5: EX-1 | B5: 46299 | C5: MIT-6in | D5: Air brake | E5: 100 | F5: 20 | G5: 20.1 | H5: 6.4 | I5: 0.3 | J5: 21 | K5: 101.3 | L5: 182.4 | M5: Example row showing the format. Delete it. | N5: =IF($A5="","",$K5*1000/(Settings!$B$14*($J5+273.15))) | O5: =IF($A5="","",0.5*N5*G5^2) | P5: =IF($A5="","",H5-I5) | Q5: =IF(COUNTIF(Designs!$A:$A,$C5)=0,"",INDEX(Designs!$C:$C,MATCH($C5,Designs!$A:$A,0))/1000) | R5: =IF(COUNTIF(Designs!$A:$A,$C5)=0,"",INDEX(Designs!$D:$D,MATCH($C5,Designs!$A:$A,0))) | S5: =IF(OR($A5="",O5="",R5=""),"",IF(O5*R5=0,"",P5/(O5*R5))) | T5: =IF($A5="","",Settings!$B$15*($J5+273.15)^1.5/($J5+273.15+Settings!$B$16)) | U5: =IF(OR($A5="",Q5=""),"",N5*G5*Q5/T5) | V5: =IF(OR(L5="",Settings!$B$21=""),"",L5/10000/Settings!$B$21) | W5: =IF(V5="","",IF(V5>Settings!$B$22,"Too high","OK")) | X5: =IF($A5="","",$C5&"|"&$F5&"|"&$E5&"|"&$D5)
N6: =IF($A6="","",$K6*1000/(Settings!$B$14*($J6+273.15))) | O6: =IF($A6="","",0.5*N6*G6^2) | P6: =IF($A6="","",H6-I6) | Q6: =IF(COUNTIF(Designs!$A:$A,$C6)=0,"",INDEX(Designs!$C:$C,MATCH($C6,Designs!$A:$A,0))/1000) | R6: =IF(COUNTIF(Designs!$A:$A,$C6)=0,"",INDEX(Designs!$D:$D,MATCH($C6,Designs!$A:$A,0))) | S6: =IF(OR($A6="",O6="",R6=""),"",IF(O6*R6=0,"",P6/(O6*R6))) | T6: =IF($A6="","",Settings!$B$15*($J6+273.15)^1.5/($J6+273.15+Settings!$B$16)) | U6: =IF(OR($A6="",Q6=""),"",N6*G6*Q6/T6) | V6: =IF(OR(L6="",Settings!$B$21=""),"",L6/10000/Settings!$B$21) | W6: =IF(V6="","",IF(V6>Settings!$B$22,"Too high","OK")) | X6: =IF($A6="","",$C6&"|"&$F6&"|"&$E6&"|"&$D6)
N7: =IF($A7="","",$K7*1000/(Settings!$B$14*($J7+273.15))) | O7: =IF($A7="","",0.5*N7*G7^2) | P7: =IF($A7="","",H7-I7) | Q7: =IF(COUNTIF(Designs!$A:$A,$C7)=0,"",INDEX(Designs!$C:$C,MATCH($C7,Designs!$A:$A,0))/1000) | R7: =IF(COUNTIF(Designs!$A:$A,$C7)=0,"",INDEX(Designs!$D:$D,MATCH($C7,Designs!$A:$A,0))) | S7: =IF(OR($A7="",O7="",R7=""),"",IF(O7*R7=0,"",P7/(O7*R7))) | T7: =IF($A7="","",Settings!$B$15*($J7+273.15)^1.5/($J7+273.15+Settings!$B$16)) | U7: =IF(OR($A7="",Q7=""),"",N7*G7*Q7/T7) | V7: =IF(OR(L7="",Settings!$B$21=""),"",L7/10000/Settings!$B$21) | W7: =IF(V7="","",IF(V7>Settings!$B$22,"Too high","OK")) | X7: =IF($A7="","",$C7&"|"&$F7&"|"&$E7&"|"&$D7)
N8: =IF($A8="","",$K8*1000/(Settings!$B$14*($J8+273.15))) | O8: =IF($A8="","",0.5*N8*G8^2) | P8: =IF($A8="","",H8-I8) | Q8: =IF(COUNTIF(Designs!$A:$A,$C8)=0,"",INDEX(Designs!$C:$C,MATCH($C8,Designs!$A:$A,0))/1000) | R8: =IF(COUNTIF(Designs!$A:$A,$C8)=0,"",INDEX(Designs!$D:$D,MATCH($C8,Designs!$A:$A,0))) | S8: =IF(OR($A8="",O8="",R8=""),"",IF(O8*R8=0,"",P8/(O8*R8))) | T8: =IF($A8="","",Settings!$B$15*($J8+273.15)^1.5/($J8+273.15+Settings!$B$16)) | U8: =IF(OR($A8="",Q8=""),"",N8*G8*Q8/T8) | V8: =IF(OR(L8="",Settings!$B$21=""),"",L8/10000/Settings!$B$21) | W8: =IF(V8="","",IF(V8>Settings!$B$22,"Too high","OK")) | X8: =IF($A8="","",$C8&"|"&$F8&"|"&$E8&"|"&$D8)
N9: =IF($A9="","",$K9*1000/(Settings!$B$14*($J9+273.15))) | O9: =IF($A9="","",0.5*N9*G9^2) | P9: =IF($A9="","",H9-I9) | Q9: =IF(COUNTIF(Designs!$A:$A,$C9)=0,"",INDEX(Designs!$C:$C,MATCH($C9,Designs!$A:$A,0))/1000) | R9: =IF(COUNTIF(Designs!$A:$A,$C9)=0,"",INDEX(Designs!$D:$D,MATCH($C9,Designs!$A:$A,0))) | S9: =IF(OR($A9="",O9="",R9=""),"",IF(O9*R9=0,"",P9/(O9*R9))) | T9: =IF($A9="","",Settings!$B$15*($J9+273.15)^1.5/($J9+273.15+Settings!$B$16)) | U9: =IF(OR($A9="",Q9=""),"",N9*G9*Q9/T9) | V9: =IF(OR(L9="",Settings!$B$21=""),"",L9/10000/Settings!$B$21) | W9: =IF(V9="","",IF(V9>Settings!$B$22,"Too high","OK")) | X9: =IF($A9="","",$C9&"|"&$F9&"|"&$E9&"|"&$D9)
N10: =IF($A10="","",$K10*1000/(Settings!$B$14*($J10+273.15))) | O10: =IF($A10="","",0.5*N10*G10^2) | P10: =IF($A10="","",H10-I10) | Q10: =IF(COUNTIF(Designs!$A:$A,$C10)=0,"",INDEX(Designs!$C:$C,MATCH($C10,Designs!$A:$A,0))/1000) | R10: =IF(COUNTIF(Designs!$A:$A,$C10)=0,"",INDEX(Designs!$D:$D,MATCH($C10,Designs!$A:$A,0))) | S10: =IF(OR($A10="",O10="",R10=""),"",IF(O10*R10=0,"",P10/(O10*R10))) | T10: =IF($A10="","",Settings!$B$15*($J10+273.15)^1.5/($J10+273.15+Settings!$B$16)) | U10: =IF(OR($A10="",Q10=""),"",N10*G10*Q10/T10) | V10: =IF(OR(L10="",Settings!$B$21=""),"",L10/10000/Settings!$B$21) | W10: =IF(V10="","",IF(V10>Settings!$B$22,"Too high","OK")) | X10: =IF($A10="","",$C10&"|"&$F10&"|"&$E10&"|"&$D10)
N11: =IF($A11="","",$K11*1000/(Settings!$B$14*($J11+273.15))) | O11: =IF($A11="","",0.5*N11*G11^2) | P11: =IF($A11="","",H11-I11) | Q11: =IF(COUNTIF(Designs!$A:$A,$C11)=0,"",INDEX(Designs!$C:$C,MATCH($C11,Designs!$A:$A,0))/1000) | R11: =IF(COUNTIF(Designs!$A:$A,$C11)=0,"",INDEX(Designs!$D:$D,MATCH($C11,Designs!$A:$A,0))) | S11: =IF(OR($A11="",O11="",R11=""),"",IF(O11*R11=0,"",P11/(O11*R11))) | T11: =IF($A11="","",Settings!$B$15*($J11+273.15)^1.5/($J11+273.15+Settings!$B$16)) | U11: =IF(OR($A11="",Q11=""),"",N11*G11*Q11/T11) | V11: =IF(OR(L11="",Settings!$B$21=""),"",L11/10000/Settings!$B$21) | W11: =IF(V11="","",IF(V11>Settings!$B$22,"Too high","OK")) | X11: =IF($A11="","",$C11&"|"&$F11&"|"&$E11&"|"&$D11)
N12: =IF($A12="","",$K12*1000/(Settings!$B$14*($J12+273.15))) | O12: =IF($A12="","",0.5*N12*G12^2) | P12: =IF($A12="","",H12-I12) | Q12: =IF(COUNTIF(Designs!$A:$A,$C12)=0,"",INDEX(Designs!$C:$C,MATCH($C12,Designs!$A:$A,0))/1000) | R12: =IF(COUNTIF(Designs!$A:$A,$C12)=0,"",INDEX(Designs!$D:$D,MATCH($C12,Designs!$A:$A,0))) | S12: =IF(OR($A12="",O12="",R12=""),"",IF(O12*R12=0,"",P12/(O12*R12))) | T12: =IF($A12="","",Settings!$B$15*($J12+273.15)^1.5/($J12+273.15+Settings!$B$16)) | U12: =IF(OR($A12="",Q12=""),"",N12*G12*Q12/T12) | V12: =IF(OR(L12="",Settings!$B$21=""),"",L12/10000/Settings!$B$21) | W12: =IF(V12="","",IF(V12>Settings!$B$22,"Too high","OK")) | X12: =IF($A12="","",$C12&"|"&$F12&"|"&$E12&"|"&$D12)
N13: =IF($A13="","",$K13*1000/(Settings!$B$14*($J13+273.15))) | O13: =IF($A13="","",0.5*N13*G13^2) | P13: =IF($A13="","",H13-I13) | Q13: =IF(COUNTIF(Designs!$A:$A,$C13)=0,"",INDEX(Designs!$C:$C,MATCH($C13,Designs!$A:$A,0))/1000) | R13: =IF(COUNTIF(Designs!$A:$A,$C13)=0,"",INDEX(Designs!$D:$D,MATCH($C13,Designs!$A:$A,0))) | S13: =IF(OR($A13="",O13="",R13=""),"",IF(O13*R13=0,"",P13/(O13*R13))) | T13: =IF($A13="","",Settings!$B$15*($J13+273.15)^1.5/($J13+273.15+Settings!$B$16)) | U13: =IF(OR($A13="",Q13=""),"",N13*G13*Q13/T13) | V13: =IF(OR(L13="",Settings!$B$21=""),"",L13/10000/Settings!$B$21) | W13: =IF(V13="","",IF(V13>Settings!$B$22,"Too high","OK")) | X13: =IF($A13="","",$C13&"|"&$F13&"|"&$E13&"|"&$D13)
N14: =IF($A14="","",$K14*1000/(Settings!$B$14*($J14+273.15))) | O14: =IF($A14="","",0.5*N14*G14^2) | P14: =IF($A14="","",H14-I14) | Q14: =IF(COUNTIF(Designs!$A:$A,$C14)=0,"",INDEX(Designs!$C:$C,MATCH($C14,Designs!$A:$A,0))/1000) | R14: =IF(COUNTIF(Designs!$A:$A,$C14)=0,"",INDEX(Designs!$D:$D,MATCH($C14,Designs!$A:$A,0))) | S14: =IF(OR($A14="",O14="",R14=""),"",IF(O14*R14=0,"",P14/(O14*R14))) | T14: =IF($A14="","",Settings!$B$15*($J14+273.15)^1.5/($J14+273.15+Settings!$B$16)) | U14: =IF(OR($A14="",Q14=""),"",N14*G14*Q14/T14) | V14: =IF(OR(L14="",Settings!$B$21=""),"",L14/10000/Settings!$B$21) | W14: =IF(V14="","",IF(V14>Settings!$B$22,"Too high","OK")) | X14: =IF($A14="","",$C14&"|"&$F14&"|"&$E14&"|"&$D14)
N15: =IF($A15="","",$K15*1000/(Settings!$B$14*($J15+273.15))) | O15: =IF($A15="","",0.5*N15*G15^2) | P15: =IF($A15="","",H15-I15) | Q15: =IF(COUNTIF(Designs!$A:$A,$C15)=0,"",INDEX(Designs!$C:$C,MATCH($C15,Designs!$A:$A,0))/1000) | R15: =IF(COUNTIF(Designs!$A:$A,$C15)=0,"",INDEX(Designs!$D:$D,MATCH($C15,Designs!$A:$A,0))) | S15: =IF(OR($A15="",O15="",R15=""),"",IF(O15*R15=0,"",P15/(O15*R15))) | T15: =IF($A15="","",Settings!$B$15*($J15+273.15)^1.5/($J15+273.15+Settings!$B$16)) | U15: =IF(OR($A15="",Q15=""),"",N15*G15*Q15/T15) | V15: =IF(OR(L15="",Settings!$B$21=""),"",L15/10000/Settings!$B$21) | W15: =IF(V15="","",IF(V15>Settings!$B$22,"Too high","OK")) | X15: =IF($A15="","",$C15&"|"&$F15&"|"&$E15&"|"&$D15)
N16: =IF($A16="","",$K16*1000/(Settings!$B$14*($J16+273.15))) | O16: =IF($A16="","",0.5*N16*G16^2) | P16: =IF($A16="","",H16-I16) | Q16: =IF(COUNTIF(Designs!$A:$A,$C16)=0,"",INDEX(Designs!$C:$C,MATCH($C16,Designs!$A:$A,0))/1000) | R16: =IF(COUNTIF(Designs!$A:$A,$C16)=0,"",INDEX(Designs!$D:$D,MATCH($C16,Designs!$A:$A,0))) | S16: =IF(OR($A16="",O16="",R16=""),"",IF(O16*R16=0,"",P16/(O16*R16))) | T16: =IF($A16="","",Settings!$B$15*($J16+273.15)^1.5/($J16+273.15+Settings!$B$16)) | U16: =IF(OR($A16="",Q16=""),"",N16*G16*Q16/T16) | V16: =IF(OR(L16="",Settings!$B$21=""),"",L16/10000/Settings!$B$21) | W16: =IF(V16="","",IF(V16>Settings!$B$22,"Too high","OK")) | X16: =IF($A16="","",$C16&"|"&$F16&"|"&$E16&"|"&$D16)
N17: =IF($A17="","",$K17*1000/(Settings!$B$14*($J17+273.15))) | O17: =IF($A17="","",0.5*N17*G17^2) | P17: =IF($A17="","",H17-I17) | Q17: =IF(COUNTIF(Designs!$A:$A,$C17)=0,"",INDEX(Designs!$C:$C,MATCH($C17,Designs!$A:$A,0))/1000) | R17: =IF(COUNTIF(Designs!$A:$A,$C17)=0,"",INDEX(Designs!$D:$D,MATCH($C17,Designs!$A:$A,0))) | S17: =IF(OR($A17="",O17="",R17=""),"",IF(O17*R17=0,"",P17/(O17*R17))) | T17: =IF($A17="","",Settings!$B$15*($J17+273.15)^1.5/($J17+273.15+Settings!$B$16)) | U17: =IF(OR($A17="",Q17=""),"",N17*G17*Q17/T17) | V17: =IF(OR(L17="",Settings!$B$21=""),"",L17/10000/Settings!$B$21) | W17: =IF(V17="","",IF(V17>Settings!$B$22,"Too high","OK")) | X17: =IF($A17="","",$C17&"|"&$F17&"|"&$E17&"|"&$D17)
... N44: =IF($A44="","",$K44*1000/(Settings!$B$14*($J44+273.15))) | O44: =IF($A44="","",0.5*N44*G44^2) | P44: =IF($A44="","",H44-I44) | Q44: =IF(COUNTIF(Designs!$A:$A,$C44)=0,"",INDEX(Designs!$C:$C,MATCH($C44,Designs!$A:$A,0))/1000) | R44: =IF(COUNTIF(Designs!$A:$A,$C44)=0,"",INDEX(Designs!$D:$D,MATCH($C44,Designs!$A:$A,0))) | S44: =IF(OR($A44="",O44="",R44=""),"",IF(O44*R44=0,"",P44/(O44*R44))) | T44: =IF($A44="","",Settings!$B$15*($J44+273.15)^1.5/($J44+273.15+Settings!$B$16)) | U44: =IF(OR($A44="",Q44=""),"",N44*G44*Q44/T44) | V44: =IF(OR(L44="",Settings!$B$21=""),"",L44/10000/Settings!$B$21) | W44: =IF(V44="","",IF(V44>Settings!$B$22,"Too high","OK")) | X44: =IF($A44="","",$C44&"|"&$F44&"|"&$E44&"|"&$D44)

Sheet Combined
A1: Whole-rocket drag from the three sections
A2: Add one row per design, speed setpoint and deployment. Repeat runs are averaged; the three sections are added together.
D3: Average net drag by section (N)
A4: Design ID | B4: Speed setpoint (m/s) | C4: Deployment (%) | D4: Nose | E4: Air brake | F4: Fin can | G4: All three sections tested? | H4: Total drag (N) | I4: Average dynamic pressure (Pa) | J4: Reference area (m²) | K4: Whole-rocket drag coefficient | L4: Air brake section drag, stowed (N) | M4: Drag added by brakes (N) | N4: Drag coefficient added by brakes
A5: MIT-6in | B5: 20 | C5: 100 | D5: =IF($A5="","",IF(COUNTIF('Tunnel runs'!$X:$X,$A5&"|"&$B5&"|"&$C5&"|"&D$4)=0,"",AVERAGEIF('Tunnel runs'!$X:$X,$A5&"|"&$B5&"|"&$C5&"|"&D$4,'Tunnel runs'!$P:$P))) | E5: =IF($A5="","",IF(COUNTIF('Tunnel runs'!$X:$X,$A5&"|"&$B5&"|"&$C5&"|"&E$4)=0,"",AVERAGEIF('Tunnel runs'!$X:$X,$A5&"|"&$B5&"|"&$C5&"|"&E$4,'Tunnel runs'!$P:$P))) | F5: =IF($A5="","",IF(COUNTIF('Tunnel runs'!$X:$X,$A5&"|"&$B5&"|"&$C5&"|"&F$4)=0,"",AVERAGEIF('Tunnel runs'!$X:$X,$A5&"|"&$B5&"|"&$C5&"|"&F$4,'Tunnel runs'!$P:$P))) | G5: =IF($A5="","",IF(COUNT(D5:F5)=3,"Yes","No")) | H5: =IF(G5="Yes",SUM(D5:F5),"") | I5: =IF($A5="","",IF(COUNTIF('Tunnel runs'!$X:$X,$A5&"|"&$B5&"|"&$C5&"|*")=0,"",AVERAGEIF('Tunnel runs'!$X:$X,$A5&"|"&$B5&"|"&$C5&"|*",'Tunnel runs'!$O:$O))) | J5: =IF(COUNTIF(Designs!$A:$A,$A5)=0,"",INDEX(Designs!$D:$D,MATCH($A5,Designs!$A:$A,0))) | K5: =IF(OR(H5="",I5="",J5=""),"",H5/(I5*J5)) | L5: =IF($A5="","",IF(COUNTIF('Tunnel runs'!$X:$X,$A5&"|"&$B5&"|0|"&E$4)=0,"",AVERAGEIF('Tunnel runs'!$X:$X,$A5&"|"&$B5&"|0|"&E$4,'Tunnel runs'!$P:$P))) | M5: =IF(OR(E5="",L5=""),"",E5-L5) | N5: =IF(OR(M5="",I5="",J5=""),"",M5/(I5*J5))
D6: =IF($A6="","",IF(COUNTIF('Tunnel runs'!$X:$X,$A6&"|"&$B6&"|"&$C6&"|"&D$4)=0,"",AVERAGEIF('Tunnel runs'!$X:$X,$A6&"|"&$B6&"|"&$C6&"|"&D$4,'Tunnel runs'!$P:$P))) | E6: =IF($A6="","",IF(COUNTIF('Tunnel runs'!$X:$X,$A6&"|"&$B6&"|"&$C6&"|"&E$4)=0,"",AVERAGEIF('Tunnel runs'!$X:$X,$A6&"|"&$B6&"|"&$C6&"|"&E$4,'Tunnel runs'!$P:$P))) | F6: =IF($A6="","",IF(COUNTIF('Tunnel runs'!$X:$X,$A6&"|"&$B6&"|"&$C6&"|"&F$4)=0,"",AVERAGEIF('Tunnel runs'!$X:$X,$A6&"|"&$B6&"|"&$C6&"|"&F$4,'Tunnel runs'!$P:$P))) | G6: =IF($A6="","",IF(COUNT(D6:F6)=3,"Yes","No")) | H6: =IF(G6="Yes",SUM(D6:F6),"") | I6: =IF($A6="","",IF(COUNTIF('Tunnel runs'!$X:$X,$A6&"|"&$B6&"|"&$C6&"|*")=0,"",AVERAGEIF('Tunnel runs'!$X:$X,$A6&"|"&$B6&"|"&$C6&"|*",'Tunnel runs'!$O:$O))) | J6: =IF(COUNTIF(Designs!$A:$A,$A6)=0,"",INDEX(Designs!$D:$D,MATCH($A6,Designs!$A:$A,0))) | K6: =IF(OR(H6="",I6="",J6=""),"",H6/(I6*J6)) | L6: =IF($A6="","",IF(COUNTIF('Tunnel runs'!$X:$X,$A6&"|"&$B6&"|0|"&E$4)=0,"",AVERAGEIF('Tunnel runs'!$X:$X,$A6&"|"&$B6&"|0|"&E$4,'Tunnel runs'!$P:$P))) | M6: =IF(OR(E6="",L6=""),"",E6-L6) | N6: =IF(OR(M6="",I6="",J6=""),"",M6/(I6*J6))
D7: =IF($A7="","",IF(COUNTIF('Tunnel runs'!$X:$X,$A7&"|"&$B7&"|"&$C7&"|"&D$4)=0,"",AVERAGEIF('Tunnel runs'!$X:$X,$A7&"|"&$B7&"|"&$C7&"|"&D$4,'Tunnel runs'!$P:$P))) | E7: =IF($A7="","",IF(COUNTIF('Tunnel runs'!$X:$X,$A7&"|"&$B7&"|"&$C7&"|"&E$4)=0,"",AVERAGEIF('Tunnel runs'!$X:$X,$A7&"|"&$B7&"|"&$C7&"|"&E$4,'Tunnel runs'!$P:$P))) | F7: =IF($A7="","",IF(COUNTIF('Tunnel runs'!$X:$X,$A7&"|"&$B7&"|"&$C7&"|"&F$4)=0,"",AVERAGEIF('Tunnel runs'!$X:$X,$A7&"|"&$B7&"|"&$C7&"|"&F$4,'Tunnel runs'!$P:$P))) | G7: =IF($A7="","",IF(COUNT(D7:F7)=3,"Yes","No")) | H7: =IF(G7="Yes",SUM(D7:F7),"") | I7: =IF($A7="","",IF(COUNTIF('Tunnel runs'!$X:$X,$A7&"|"&$B7&"|"&$C7&"|*")=0,"",AVERAGEIF('Tunnel runs'!$X:$X,$A7&"|"&$B7&"|"&$C7&"|*",'Tunnel runs'!$O:$O))) | J7: =IF(COUNTIF(Designs!$A:$A,$A7)=0,"",INDEX(Designs!$D:$D,MATCH($A7,Designs!$A:$A,0))) | K7: =IF(OR(H7="",I7="",J7=""),"",H7/(I7*J7)) | L7: =IF($A7="","",IF(COUNTIF('Tunnel runs'!$X:$X,$A7&"|"&$B7&"|0|"&E$4)=0,"",AVERAGEIF('Tunnel runs'!$X:$X,$A7&"|"&$B7&"|0|"&E$4,'Tunnel runs'!$P:$P))) | M7: =IF(OR(E7="",L7=""),"",E7-L7) | N7: =IF(OR(M7="",I7="",J7=""),"",M7/(I7*J7))
D8: =IF($A8="","",IF(COUNTIF('Tunnel runs'!$X:$X,$A8&"|"&$B8&"|"&$C8&"|"&D$4)=0,"",AVERAGEIF('Tunnel runs'!$X:$X,$A8&"|"&$B8&"|"&$C8&"|"&D$4,'Tunnel runs'!$P:$P))) | E8: =IF($A8="","",IF(COUNTIF('Tunnel runs'!$X:$X,$A8&"|"&$B8&"|"&$C8&"|"&E$4)=0,"",AVERAGEIF('Tunnel runs'!$X:$X,$A8&"|"&$B8&"|"&$C8&"|"&E$4,'Tunnel runs'!$P:$P))) | F8: =IF($A8="","",IF(COUNTIF('Tunnel runs'!$X:$X,$A8&"|"&$B8&"|"&$C8&"|"&F$4)=0,"",AVERAGEIF('Tunnel runs'!$X:$X,$A8&"|"&$B8&"|"&$C8&"|"&F$4,'Tunnel runs'!$P:$P))) | G8: =IF($A8="","",IF(COUNT(D8:F8)=3,"Yes","No")) | H8: =IF(G8="Yes",SUM(D8:F8),"") | I8: =IF($A8="","",IF(COUNTIF('Tunnel runs'!$X:$X,$A8&"|"&$B8&"|"&$C8&"|*")=0,"",AVERAGEIF('Tunnel runs'!$X:$X,$A8&"|"&$B8&"|"&$C8&"|*",'Tunnel runs'!$O:$O))) | J8: =IF(COUNTIF(Designs!$A:$A,$A8)=0,"",INDEX(Designs!$D:$D,MATCH($A8,Designs!$A:$A,0))) | K8: =IF(OR(H8="",I8="",J8=""),"",H8/(I8*J8)) | L8: =IF($A8="","",IF(COUNTIF('Tunnel runs'!$X:$X,$A8&"|"&$B8&"|0|"&E$4)=0,"",AVERAGEIF('Tunnel runs'!$X:$X,$A8&"|"&$B8&"|0|"&E$4,'Tunnel runs'!$P:$P))) | M8: =IF(OR(E8="",L8=""),"",E8-L8) | N8: =IF(OR(M8="",I8="",J8=""),"",M8/(I8*J8))
D9: =IF($A9="","",IF(COUNTIF('Tunnel runs'!$X:$X,$A9&"|"&$B9&"|"&$C9&"|"&D$4)=0,"",AVERAGEIF('Tunnel runs'!$X:$X,$A9&"|"&$B9&"|"&$C9&"|"&D$4,'Tunnel runs'!$P:$P))) | E9: =IF($A9="","",IF(COUNTIF('Tunnel runs'!$X:$X,$A9&"|"&$B9&"|"&$C9&"|"&E$4)=0,"",AVERAGEIF('Tunnel runs'!$X:$X,$A9&"|"&$B9&"|"&$C9&"|"&E$4,'Tunnel runs'!$P:$P))) | F9: =IF($A9="","",IF(COUNTIF('Tunnel runs'!$X:$X,$A9&"|"&$B9&"|"&$C9&"|"&F$4)=0,"",AVERAGEIF('Tunnel runs'!$X:$X,$A9&"|"&$B9&"|"&$C9&"|"&F$4,'Tunnel runs'!$P:$P))) | G9: =IF($A9="","",IF(COUNT(D9:F9)=3,"Yes","No")) | H9: =IF(G9="Yes",SUM(D9:F9),"") | I9: =IF($A9="","",IF(COUNTIF('Tunnel runs'!$X:$X,$A9&"|"&$B9&"|"&$C9&"|*")=0,"",AVERAGEIF('Tunnel runs'!$X:$X,$A9&"|"&$B9&"|"&$C9&"|*",'Tunnel runs'!$O:$O))) | J9: =IF(COUNTIF(Designs!$A:$A,$A9)=0,"",INDEX(Designs!$D:$D,MATCH($A9,Designs!$A:$A,0))) | K9: =IF(OR(H9="",I9="",J9=""),"",H9/(I9*J9)) | L9: =IF($A9="","",IF(COUNTIF('Tunnel runs'!$X:$X,$A9&"|"&$B9&"|0|"&E$4)=0,"",AVERAGEIF('Tunnel runs'!$X:$X,$A9&"|"&$B9&"|0|"&E$4,'Tunnel runs'!$P:$P))) | M9: =IF(OR(E9="",L9=""),"",E9-L9) | N9: =IF(OR(M9="",I9="",J9=""),"",M9/(I9*J9))
D10: =IF($A10="","",IF(COUNTIF('Tunnel runs'!$X:$X,$A10&"|"&$B10&"|"&$C10&"|"&D$4)=0,"",AVERAGEIF('Tunnel runs'!$X:$X,$A10&"|"&$B10&"|"&$C10&"|"&D$4,'Tunnel runs'!$P:$P))) | E10: =IF($A10="","",IF(COUNTIF('Tunnel runs'!$X:$X,$A10&"|"&$B10&"|"&$C10&"|"&E$4)=0,"",AVERAGEIF('Tunnel runs'!$X:$X,$A10&"|"&$B10&"|"&$C10&"|"&E$4,'Tunnel runs'!$P:$P))) | F10: =IF($A10="","",IF(COUNTIF('Tunnel runs'!$X:$X,$A10&"|"&$B10&"|"&$C10&"|"&F$4)=0,"",AVERAGEIF('Tunnel runs'!$X:$X,$A10&"|"&$B10&"|"&$C10&"|"&F$4,'Tunnel runs'!$P:$P))) | G10: =IF($A10="","",IF(COUNT(D10:F10)=3,"Yes","No")) | H10: =IF(G10="Yes",SUM(D10:F10),"") | I10: =IF($A10="","",IF(COUNTIF('Tunnel runs'!$X:$X,$A10&"|"&$B10&"|"&$C10&"|*")=0,"",AVERAGEIF('Tunnel runs'!$X:$X,$A10&"|"&$B10&"|"&$C10&"|*",'Tunnel runs'!$O:$O))) | J10: =IF(COUNTIF(Designs!$A:$A,$A10)=0,"",INDEX(Designs!$D:$D,MATCH($A10,Designs!$A:$A,0))) | K10: =IF(OR(H10="",I10="",J10=""),"",H10/(I10*J10)) | L10: =IF($A10="","",IF(COUNTIF('Tunnel runs'!$X:$X,$A10&"|"&$B10&"|0|"&E$4)=0,"",AVERAGEIF('Tunnel runs'!$X:$X,$A10&"|"&$B10&"|0|"&E$4,'Tunnel runs'!$P:$P))) | M10: =IF(OR(E10="",L10=""),"",E10-L10) | N10: =IF(OR(M10="",I10="",J10=""),"",M10/(I10*J10))
D11: =IF($A11="","",IF(COUNTIF('Tunnel runs'!$X:$X,$A11&"|"&$B11&"|"&$C11&"|"&D$4)=0,"",AVERAGEIF('Tunnel runs'!$X:$X,$A11&"|"&$B11&"|"&$C11&"|"&D$4,'Tunnel runs'!$P:$P))) | E11: =IF($A11="","",IF(COUNTIF('Tunnel runs'!$X:$X,$A11&"|"&$B11&"|"&$C11&"|"&E$4)=0,"",AVERAGEIF('Tunnel runs'!$X:$X,$A11&"|"&$B11&"|"&$C11&"|"&E$4,'Tunnel runs'!$P:$P))) | F11: =IF($A11="","",IF(COUNTIF('Tunnel runs'!$X:$X,$A11&"|"&$B11&"|"&$C11&"|"&F$4)=0,"",AVERAGEIF('Tunnel runs'!$X:$X,$A11&"|"&$B11&"|"&$C11&"|"&F$4,'Tunnel runs'!$P:$P))) | G11: =IF($A11="","",IF(COUNT(D11:F11)=3,"Yes","No")) | H11: =IF(G11="Yes",SUM(D11:F11),"") | I11: =IF($A11="","",IF(COUNTIF('Tunnel runs'!$X:$X,$A11&"|"&$B11&"|"&$C11&"|*")=0,"",AVERAGEIF('Tunnel runs'!$X:$X,$A11&"|"&$B11&"|"&$C11&"|*",'Tunnel runs'!$O:$O))) | J11: =IF(COUNTIF(Designs!$A:$A,$A11)=0,"",INDEX(Designs!$D:$D,MATCH($A11,Designs!$A:$A,0))) | K11: =IF(OR(H11="",I11="",J11=""),"",H11/(I11*J11)) | L11: =IF($A11="","",IF(COUNTIF('Tunnel runs'!$X:$X,$A11&"|"&$B11&"|0|"&E$4)=0,"",AVERAGEIF('Tunnel runs'!$X:$X,$A11&"|"&$B11&"|0|"&E$4,'Tunnel runs'!$P:$P))) | M11: =IF(OR(E11="",L11=""),"",E11-L11) | N11: =IF(OR(M11="",I11="",J11=""),"",M11/(I11*J11))
D12: =IF($A12="","",IF(COUNTIF('Tunnel runs'!$X:$X,$A12&"|"&$B12&"|"&$C12&"|"&D$4)=0,"",AVERAGEIF('Tunnel runs'!$X:$X,$A12&"|"&$B12&"|"&$C12&"|"&D$4,'Tunnel runs'!$P:$P))) | E12: =IF($A12="","",IF(COUNTIF('Tunnel runs'!$X:$X,$A12&"|"&$B12&"|"&$C12&"|"&E$4)=0,"",AVERAGEIF('Tunnel runs'!$X:$X,$A12&"|"&$B12&"|"&$C12&"|"&E$4,'Tunnel runs'!$P:$P))) | F12: =IF($A12="","",IF(COUNTIF('Tunnel runs'!$X:$X,$A12&"|"&$B12&"|"&$C12&"|"&F$4)=0,"",AVERAGEIF('Tunnel runs'!$X:$X,$A12&"|"&$B12&"|"&$C12&"|"&F$4,'Tunnel runs'!$P:$P))) | G12: =IF($A12="","",IF(COUNT(D12:F12)=3,"Yes","No")) | H12: =IF(G12="Yes",SUM(D12:F12),"") | I12: =IF($A12="","",IF(COUNTIF('Tunnel runs'!$X:$X,$A12&"|"&$B12&"|"&$C12&"|*")=0,"",AVERAGEIF('Tunnel runs'!$X:$X,$A12&"|"&$B12&"|"&$C12&"|*",'Tunnel runs'!$O:$O))) | J12: =IF(COUNTIF(Designs!$A:$A,$A12)=0,"",INDEX(Designs!$D:$D,MATCH($A12,Designs!$A:$A,0))) | K12: =IF(OR(H12="",I12="",J12=""),"",H12/(I12*J12)) | L12: =IF($A12="","",IF(COUNTIF('Tunnel runs'!$X:$X,$A12&"|"&$B12&"|0|"&E$4)=0,"",AVERAGEIF('Tunnel runs'!$X:$X,$A12&"|"&$B12&"|0|"&E$4,'Tunnel runs'!$P:$P))) | M12: =IF(OR(E12="",L12=""),"",E12-L12) | N12: =IF(OR(M12="",I12="",J12=""),"",M12/(I12*J12))
D13: =IF($A13="","",IF(COUNTIF('Tunnel runs'!$X:$X,$A13&"|"&$B13&"|"&$C13&"|"&D$4)=0,"",AVERAGEIF('Tunnel runs'!$X:$X,$A13&"|"&$B13&"|"&$C13&"|"&D$4,'Tunnel runs'!$P:$P))) | E13: =IF($A13="","",IF(COUNTIF('Tunnel runs'!$X:$X,$A13&"|"&$B13&"|"&$C13&"|"&E$4)=0,"",AVERAGEIF('Tunnel runs'!$X:$X,$A13&"|"&$B13&"|"&$C13&"|"&E$4,'Tunnel runs'!$P:$P))) | F13: =IF($A13="","",IF(COUNTIF('Tunnel runs'!$X:$X,$A13&"|"&$B13&"|"&$C13&"|"&F$4)=0,"",AVERAGEIF('Tunnel runs'!$X:$X,$A13&"|"&$B13&"|"&$C13&"|"&F$4,'Tunnel runs'!$P:$P))) | G13: =IF($A13="","",IF(COUNT(D13:F13)=3,"Yes","No")) | H13: =IF(G13="Yes",SUM(D13:F13),"") | I13: =IF($A13="","",IF(COUNTIF('Tunnel runs'!$X:$X,$A13&"|"&$B13&"|"&$C13&"|*")=0,"",AVERAGEIF('Tunnel runs'!$X:$X,$A13&"|"&$B13&"|"&$C13&"|*",'Tunnel runs'!$O:$O))) | J13: =IF(COUNTIF(Designs!$A:$A,$A13)=0,"",INDEX(Designs!$D:$D,MATCH($A13,Designs!$A:$A,0))) | K13: =IF(OR(H13="",I13="",J13=""),"",H13/(I13*J13)) | L13: =IF($A13="","",IF(COUNTIF('Tunnel runs'!$X:$X,$A13&"|"&$B13&"|0|"&E$4)=0,"",AVERAGEIF('Tunnel runs'!$X:$X,$A13&"|"&$B13&"|0|"&E$4,'Tunnel runs'!$P:$P))) | M13: =IF(OR(E13="",L13=""),"",E13-L13) | N13: =IF(OR(M13="",I13="",J13=""),"",M13/(I13*J13))
D14: =IF($A14="","",IF(COUNTIF('Tunnel runs'!$X:$X,$A14&"|"&$B14&"|"&$C14&"|"&D$4)=0,"",AVERAGEIF('Tunnel runs'!$X:$X,$A14&"|"&$B14&"|"&$C14&"|"&D$4,'Tunnel runs'!$P:$P))) | E14: =IF($A14="","",IF(COUNTIF('Tunnel runs'!$X:$X,$A14&"|"&$B14&"|"&$C14&"|"&E$4)=0,"",AVERAGEIF('Tunnel runs'!$X:$X,$A14&"|"&$B14&"|"&$C14&"|"&E$4,'Tunnel runs'!$P:$P))) | F14: =IF($A14="","",IF(COUNTIF('Tunnel runs'!$X:$X,$A14&"|"&$B14&"|"&$C14&"|"&F$4)=0,"",AVERAGEIF('Tunnel runs'!$X:$X,$A14&"|"&$B14&"|"&$C14&"|"&F$4,'Tunnel runs'!$P:$P))) | G14: =IF($A14="","",IF(COUNT(D14:F14)=3,"Yes","No")) | H14: =IF(G14="Yes",SUM(D14:F14),"") | I14: =IF($A14="","",IF(COUNTIF('Tunnel runs'!$X:$X,$A14&"|"&$B14&"|"&$C14&"|*")=0,"",AVERAGEIF('Tunnel runs'!$X:$X,$A14&"|"&$B14&"|"&$C14&"|*",'Tunnel runs'!$O:$O))) | J14: =IF(COUNTIF(Designs!$A:$A,$A14)=0,"",INDEX(Designs!$D:$D,MATCH($A14,Designs!$A:$A,0))) | K14: =IF(OR(H14="",I14="",J14=""),"",H14/(I14*J14)) | L14: =IF($A14="","",IF(COUNTIF('Tunnel runs'!$X:$X,$A14&"|"&$B14&"|0|"&E$4)=0,"",AVERAGEIF('Tunnel runs'!$X:$X,$A14&"|"&$B14&"|0|"&E$4,'Tunnel runs'!$P:$P))) | M14: =IF(OR(E14="",L14=""),"",E14-L14) | N14: =IF(OR(M14="",I14="",J14=""),"",M14/(I14*J14))
D15: =IF($A15="","",IF(COUNTIF('Tunnel runs'!$X:$X,$A15&"|"&$B15&"|"&$C15&"|"&D$4)=0,"",AVERAGEIF('Tunnel runs'!$X:$X,$A15&"|"&$B15&"|"&$C15&"|"&D$4,'Tunnel runs'!$P:$P))) | E15: =IF($A15="","",IF(COUNTIF('Tunnel runs'!$X:$X,$A15&"|"&$B15&"|"&$C15&"|"&E$4)=0,"",AVERAGEIF('Tunnel runs'!$X:$X,$A15&"|"&$B15&"|"&$C15&"|"&E$4,'Tunnel runs'!$P:$P))) | F15: =IF($A15="","",IF(COUNTIF('Tunnel runs'!$X:$X,$A15&"|"&$B15&"|"&$C15&"|"&F$4)=0,"",AVERAGEIF('Tunnel runs'!$X:$X,$A15&"|"&$B15&"|"&$C15&"|"&F$4,'Tunnel runs'!$P:$P))) | G15: =IF($A15="","",IF(COUNT(D15:F15)=3,"Yes","No")) | H15: =IF(G15="Yes",SUM(D15:F15),"") | I15: =IF($A15="","",IF(COUNTIF('Tunnel runs'!$X:$X,$A15&"|"&$B15&"|"&$C15&"|*")=0,"",AVERAGEIF('Tunnel runs'!$X:$X,$A15&"|"&$B15&"|"&$C15&"|*",'Tunnel runs'!$O:$O))) | J15: =IF(COUNTIF(Designs!$A:$A,$A15)=0,"",INDEX(Designs!$D:$D,MATCH($A15,Designs!$A:$A,0))) | K15: =IF(OR(H15="",I15="",J15=""),"",H15/(I15*J15)) | L15: =IF($A15="","",IF(COUNTIF('Tunnel runs'!$X:$X,$A15&"|"&$B15&"|0|"&E$4)=0,"",AVERAGEIF('Tunnel runs'!$X:$X,$A15&"|"&$B15&"|0|"&E$4,'Tunnel runs'!$P:$P))) | M15: =IF(OR(E15="",L15=""),"",E15-L15) | N15: =IF(OR(M15="",I15="",J15=""),"",M15/(I15*J15))
D16: =IF($A16="","",IF(COUNTIF('Tunnel runs'!$X:$X,$A16&"|"&$B16&"|"&$C16&"|"&D$4)=0,"",AVERAGEIF('Tunnel runs'!$X:$X,$A16&"|"&$B16&"|"&$C16&"|"&D$4,'Tunnel runs'!$P:$P))) | E16: =IF($A16="","",IF(COUNTIF('Tunnel runs'!$X:$X,$A16&"|"&$B16&"|"&$C16&"|"&E$4)=0,"",AVERAGEIF('Tunnel runs'!$X:$X,$A16&"|"&$B16&"|"&$C16&"|"&E$4,'Tunnel runs'!$P:$P))) | F16: =IF($A16="","",IF(COUNTIF('Tunnel runs'!$X:$X,$A16&"|"&$B16&"|"&$C16&"|"&F$4)=0,"",AVERAGEIF('Tunnel runs'!$X:$X,$A16&"|"&$B16&"|"&$C16&"|"&F$4,'Tunnel runs'!$P:$P))) | G16: =IF($A16="","",IF(COUNT(D16:F16)=3,"Yes","No")) | H16: =IF(G16="Yes",SUM(D16:F16),"") | I16: =IF($A16="","",IF(COUNTIF('Tunnel runs'!$X:$X,$A16&"|"&$B16&"|"&$C16&"|*")=0,"",AVERAGEIF('Tunnel runs'!$X:$X,$A16&"|"&$B16&"|"&$C16&"|*",'Tunnel runs'!$O:$O))) | J16: =IF(COUNTIF(Designs!$A:$A,$A16)=0,"",INDEX(Designs!$D:$D,MATCH($A16,Designs!$A:$A,0))) | K16: =IF(OR(H16="",I16="",J16=""),"",H16/(I16*J16)) | L16: =IF($A16="","",IF(COUNTIF('Tunnel runs'!$X:$X,$A16&"|"&$B16&"|0|"&E$4)=0,"",AVERAGEIF('Tunnel runs'!$X:$X,$A16&"|"&$B16&"|0|"&E$4,'Tunnel runs'!$P:$P))) | M16: =IF(OR(E16="",L16=""),"",E16-L16) | N16: =IF(OR(M16="",I16="",J16=""),"",M16/(I16*J16))
D17: =IF($A17="","",IF(COUNTIF('Tunnel runs'!$X:$X,$A17&"|"&$B17&"|"&$C17&"|"&D$4)=0,"",AVERAGEIF('Tunnel runs'!$X:$X,$A17&"|"&$B17&"|"&$C17&"|"&D$4,'Tunnel runs'!$P:$P))) | E17: =IF($A17="","",IF(COUNTIF('Tunnel runs'!$X:$X,$A17&"|"&$B17&"|"&$C17&"|"&E$4)=0,"",AVERAGEIF('Tunnel runs'!$X:$X,$A17&"|"&$B17&"|"&$C17&"|"&E$4,'Tunnel runs'!$P:$P))) | F17: =IF($A17="","",IF(COUNTIF('Tunnel runs'!$X:$X,$A17&"|"&$B17&"|"&$C17&"|"&F$4)=0,"",AVERAGEIF('Tunnel runs'!$X:$X,$A17&"|"&$B17&"|"&$C17&"|"&F$4,'Tunnel runs'!$P:$P))) | G17: =IF($A17="","",IF(COUNT(D17:F17)=3,"Yes","No")) | H17: =IF(G17="Yes",SUM(D17:F17),"") | I17: =IF($A17="","",IF(COUNTIF('Tunnel runs'!$X:$X,$A17&"|"&$B17&"|"&$C17&"|*")=0,"",AVERAGEIF('Tunnel runs'!$X:$X,$A17&"|"&$B17&"|"&$C17&"|*",'Tunnel runs'!$O:$O))) | J17: =IF(COUNTIF(Designs!$A:$A,$A17)=0,"",INDEX(Designs!$D:$D,MATCH($A17,Designs!$A:$A,0))) | K17: =IF(OR(H17="",I17="",J17=""),"",H17/(I17*J17)) | L17: =IF($A17="","",IF(COUNTIF('Tunnel runs'!$X:$X,$A17&"|"&$B17&"|0|"&E$4)=0,"",AVERAGEIF('Tunnel runs'!$X:$X,$A17&"|"&$B17&"|0|"&E$4,'Tunnel runs'!$P:$P))) | M17: =IF(OR(E17="",L17=""),"",E17-L17) | N17: =IF(OR(M17="",I17="",J17=""),"",M17/(I17*J17))
... D24: =IF($A24="","",IF(COUNTIF('Tunnel runs'!$X:$X,$A24&"|"&$B24&"|"&$C24&"|"&D$4)=0,"",AVERAGEIF('Tunnel runs'!$X:$X,$A24&"|"&$B24&"|"&$C24&"|"&D$4,'Tunnel runs'!$P:$P))) | E24: =IF($A24="","",IF(COUNTIF('Tunnel runs'!$X:$X,$A24&"|"&$B24&"|"&$C24&"|"&E$4)=0,"",AVERAGEIF('Tunnel runs'!$X:$X,$A24&"|"&$B24&"|"&$C24&"|"&E$4,'Tunnel runs'!$P:$P))) | F24: =IF($A24="","",IF(COUNTIF('Tunnel runs'!$X:$X,$A24&"|"&$B24&"|"&$C24&"|"&F$4)=0,"",AVERAGEIF('Tunnel runs'!$X:$X,$A24&"|"&$B24&"|"&$C24&"|"&F$4,'Tunnel runs'!$P:$P))) | G24: =IF($A24="","",IF(COUNT(D24:F24)=3,"Yes","No")) | H24: =IF(G24="Yes",SUM(D24:F24),"") | I24: =IF($A24="","",IF(COUNTIF('Tunnel runs'!$X:$X,$A24&"|"&$B24&"|"&$C24&"|*")=0,"",AVERAGEIF('Tunnel runs'!$X:$X,$A24&"|"&$B24&"|"&$C24&"|*",'Tunnel runs'!$O:$O))) | J24: =IF(COUNTIF(Designs!$A:$A,$A24)=0,"",INDEX(Designs!$D:$D,MATCH($A24,Designs!$A:$A,0))) | K24: =IF(OR(H24="",I24="",J24=""),"",H24/(I24*J24)) | L24: =IF($A24="","",IF(COUNTIF('Tunnel runs'!$X:$X,$A24&"|"&$B24&"|0|"&E$4)=0,"",AVERAGEIF('Tunnel runs'!$X:$X,$A24&"|"&$B24&"|0|"&E$4,'Tunnel runs'!$P:$P))) | M24: =IF(OR(E24="",L24=""),"",E24-L24) | N24: =IF(OR(M24="",I24="",J24=""),"",M24/(I24*J24))

Sheet Summary
A1: Summary by design
A2: Drag coefficients are averaged over every speed with all three sections tested.
A4: Whole-rocket drag coefficient by brake deployment
A5: Design ID | B5: 0 | C5: 25 | D5: 50 | E5: 75 | F5: 100 | G5: Brake drag coefficient added at 100% | H5: Tunnel runs logged
A6: =IF(Designs!$A5="","",Designs!$A5) | B6: =IF($A6="","",IF(COUNTIFS(Combined!$A:$A,$A6,Combined!$C:$C,B$5,Combined!$G:$G,"Yes")=0,"",AVERAGEIFS(Combined!$K:$K,Combined!$A:$A,$A6,Combined!$C:$C,B$5,Combined!$G:$G,"Yes"))) | C6: =IF($A6="","",IF(COUNTIFS(Combined!$A:$A,$A6,Combined!$C:$C,C$5,Combined!$G:$G,"Yes")=0,"",AVERAGEIFS(Combined!$K:$K,Combined!$A:$A,$A6,Combined!$C:$C,C$5,Combined!$G:$G,"Yes"))) | D6: =IF($A6="","",IF(COUNTIFS(Combined!$A:$A,$A6,Combined!$C:$C,D$5,Combined!$G:$G,"Yes")=0,"",AVERAGEIFS(Combined!$K:$K,Combined!$A:$A,$A6,Combined!$C:$C,D$5,Combined!$G:$G,"Yes"))) | E6: =IF($A6="","",IF(COUNTIFS(Combined!$A:$A,$A6,Combined!$C:$C,E$5,Combined!$G:$G,"Yes")=0,"",AVERAGEIFS(Combined!$K:$K,Combined!$A:$A,$A6,Combined!$C:$C,E$5,Combined!$G:$G,"Yes"))) | F6: =IF($A6="","",IF(COUNTIFS(Combined!$A:$A,$A6,Combined!$C:$C,F$5,Combined!$G:$G,"Yes")=0,"",AVERAGEIFS(Combined!$K:$K,Combined!$A:$A,$A6,Combined!$C:$C,F$5,Combined!$G:$G,"Yes"))) | G6: =IF($A6="","",IF(COUNTIFS(Combined!$A:$A,$A6,Combined!$C:$C,100,Combined!$N:$N,">-1E+300")=0,"",AVERAGEIFS(Combined!$N:$N,Combined!$A:$A,$A6,Combined!$C:$C,100,Combined!$N:$N,">-1E+300"))) | H6: =IF($A6="","",COUNTIF('Tunnel runs'!$C:$C,$A6))
A7: =IF(Designs!$A6="","",Designs!$A6) | B7: =IF($A7="","",IF(COUNTIFS(Combined!$A:$A,$A7,Combined!$C:$C,B$5,Combined!$G:$G,"Yes")=0,"",AVERAGEIFS(Combined!$K:$K,Combined!$A:$A,$A7,Combined!$C:$C,B$5,Combined!$G:$G,"Yes"))) | C7: =IF($A7="","",IF(COUNTIFS(Combined!$A:$A,$A7,Combined!$C:$C,C$5,Combined!$G:$G,"Yes")=0,"",AVERAGEIFS(Combined!$K:$K,Combined!$A:$A,$A7,Combined!$C:$C,C$5,Combined!$G:$G,"Yes"))) | D7: =IF($A7="","",IF(COUNTIFS(Combined!$A:$A,$A7,Combined!$C:$C,D$5,Combined!$G:$G,"Yes")=0,"",AVERAGEIFS(Combined!$K:$K,Combined!$A:$A,$A7,Combined!$C:$C,D$5,Combined!$G:$G,"Yes"))) | E7: =IF($A7="","",IF(COUNTIFS(Combined!$A:$A,$A7,Combined!$C:$C,E$5,Combined!$G:$G,"Yes")=0,"",AVERAGEIFS(Combined!$K:$K,Combined!$A:$A,$A7,Combined!$C:$C,E$5,Combined!$G:$G,"Yes"))) | F7: =IF($A7="","",IF(COUNTIFS(Combined!$A:$A,$A7,Combined!$C:$C,F$5,Combined!$G:$G,"Yes")=0,"",AVERAGEIFS(Combined!$K:$K,Combined!$A:$A,$A7,Combined!$C:$C,F$5,Combined!$G:$G,"Yes"))) | G7: =IF($A7="","",IF(COUNTIFS(Combined!$A:$A,$A7,Combined!$C:$C,100,Combined!$N:$N,">-1E+300")=0,"",AVERAGEIFS(Combined!$N:$N,Combined!$A:$A,$A7,Combined!$C:$C,100,Combined!$N:$N,">-1E+300"))) | H7: =IF($A7="","",COUNTIF('Tunnel runs'!$C:$C,$A7))
A8: =IF(Designs!$A7="","",Designs!$A7) | B8: =IF($A8="","",IF(COUNTIFS(Combined!$A:$A,$A8,Combined!$C:$C,B$5,Combined!$G:$G,"Yes")=0,"",AVERAGEIFS(Combined!$K:$K,Combined!$A:$A,$A8,Combined!$C:$C,B$5,Combined!$G:$G,"Yes"))) | C8: =IF($A8="","",IF(COUNTIFS(Combined!$A:$A,$A8,Combined!$C:$C,C$5,Combined!$G:$G,"Yes")=0,"",AVERAGEIFS(Combined!$K:$K,Combined!$A:$A,$A8,Combined!$C:$C,C$5,Combined!$G:$G,"Yes"))) | D8: =IF($A8="","",IF(COUNTIFS(Combined!$A:$A,$A8,Combined!$C:$C,D$5,Combined!$G:$G,"Yes")=0,"",AVERAGEIFS(Combined!$K:$K,Combined!$A:$A,$A8,Combined!$C:$C,D$5,Combined!$G:$G,"Yes"))) | E8: =IF($A8="","",IF(COUNTIFS(Combined!$A:$A,$A8,Combined!$C:$C,E$5,Combined!$G:$G,"Yes")=0,"",AVERAGEIFS(Combined!$K:$K,Combined!$A:$A,$A8,Combined!$C:$C,E$5,Combined!$G:$G,"Yes"))) | F8: =IF($A8="","",IF(COUNTIFS(Combined!$A:$A,$A8,Combined!$C:$C,F$5,Combined!$G:$G,"Yes")=0,"",AVERAGEIFS(Combined!$K:$K,Combined!$A:$A,$A8,Combined!$C:$C,F$5,Combined!$G:$G,"Yes"))) | G8: =IF($A8="","",IF(COUNTIFS(Combined!$A:$A,$A8,Combined!$C:$C,100,Combined!$N:$N,">-1E+300")=0,"",AVERAGEIFS(Combined!$N:$N,Combined!$A:$A,$A8,Combined!$C:$C,100,Combined!$N:$N,">-1E+300"))) | H8: =IF($A8="","",COUNTIF('Tunnel runs'!$C:$C,$A8))
A9: =IF(Designs!$A8="","",Designs!$A8) | B9: =IF($A9="","",IF(COUNTIFS(Combined!$A:$A,$A9,Combined!$C:$C,B$5,Combined!$G:$G,"Yes")=0,"",AVERAGEIFS(Combined!$K:$K,Combined!$A:$A,$A9,Combined!$C:$C,B$5,Combined!$G:$G,"Yes"))) | C9: =IF($A9="","",IF(COUNTIFS(Combined!$A:$A,$A9,Combined!$C:$C,C$5,Combined!$G:$G,"Yes")=0,"",AVERAGEIFS(Combined!$K:$K,Combined!$A:$A,$A9,Combined!$C:$C,C$5,Combined!$G:$G,"Yes"))) | D9: =IF($A9="","",IF(COUNTIFS(Combined!$A:$A,$A9,Combined!$C:$C,D$5,Combined!$G:$G,"Yes")=0,"",AVERAGEIFS(Combined!$K:$K,Combined!$A:$A,$A9,Combined!$C:$C,D$5,Combined!$G:$G,"Yes"))) | E9: =IF($A9="","",IF(COUNTIFS(Combined!$A:$A,$A9,Combined!$C:$C,E$5,Combined!$G:$G,"Yes")=0,"",AVERAGEIFS(Combined!$K:$K,Combined!$A:$A,$A9,Combined!$C:$C,E$5,Combined!$G:$G,"Yes"))) | F9: =IF($A9="","",IF(COUNTIFS(Combined!$A:$A,$A9,Combined!$C:$C,F$5,Combined!$G:$G,"Yes")=0,"",AVERAGEIFS(Combined!$K:$K,Combined!$A:$A,$A9,Combined!$C:$C,F$5,Combined!$G:$G,"Yes"))) | G9: =IF($A9="","",IF(COUNTIFS(Combined!$A:$A,$A9,Combined!$C:$C,100,Combined!$N:$N,">-1E+300")=0,"",AVERAGEIFS(Combined!$N:$N,Combined!$A:$A,$A9,Combined!$C:$C,100,Combined!$N:$N,">-1E+300"))) | H9: =IF($A9="","",COUNTIF('Tunnel runs'!$C:$C,$A9))
A10: =IF(Designs!$A9="","",Designs!$A9) | B10: =IF($A10="","",IF(COUNTIFS(Combined!$A:$A,$A10,Combined!$C:$C,B$5,Combined!$G:$G,"Yes")=0,"",AVERAGEIFS(Combined!$K:$K,Combined!$A:$A,$A10,Combined!$C:$C,B$5,Combined!$G:$G,"Yes"))) | C10: =IF($A10="","",IF(COUNTIFS(Combined!$A:$A,$A10,Combined!$C:$C,C$5,Combined!$G:$G,"Yes")=0,"",AVERAGEIFS(Combined!$K:$K,Combined!$A:$A,$A10,Combined!$C:$C,C$5,Combined!$G:$G,"Yes"))) | D10: =IF($A10="","",IF(COUNTIFS(Combined!$A:$A,$A10,Combined!$C:$C,D$5,Combined!$G:$G,"Yes")=0,"",AVERAGEIFS(Combined!$K:$K,Combined!$A:$A,$A10,Combined!$C:$C,D$5,Combined!$G:$G,"Yes"))) | E10: =IF($A10="","",IF(COUNTIFS(Combined!$A:$A,$A10,Combined!$C:$C,E$5,Combined!$G:$G,"Yes")=0,"",AVERAGEIFS(Combined!$K:$K,Combined!$A:$A,$A10,Combined!$C:$C,E$5,Combined!$G:$G,"Yes"))) | F10: =IF($A10="","",IF(COUNTIFS(Combined!$A:$A,$A10,Combined!$C:$C,F$5,Combined!$G:$G,"Yes")=0,"",AVERAGEIFS(Combined!$K:$K,Combined!$A:$A,$A10,Combined!$C:$C,F$5,Combined!$G:$G,"Yes"))) | G10: =IF($A10="","",IF(COUNTIFS(Combined!$A:$A,$A10,Combined!$C:$C,100,Combined!$N:$N,">-1E+300")=0,"",AVERAGEIFS(Combined!$N:$N,Combined!$A:$A,$A10,Combined!$C:$C,100,Combined!$N:$N,">-1E+300"))) | H10: =IF($A10="","",COUNTIF('Tunnel runs'!$C:$C,$A10))
A11: =IF(Designs!$A10="","",Designs!$A10) | B11: =IF($A11="","",IF(COUNTIFS(Combined!$A:$A,$A11,Combined!$C:$C,B$5,Combined!$G:$G,"Yes")=0,"",AVERAGEIFS(Combined!$K:$K,Combined!$A:$A,$A11,Combined!$C:$C,B$5,Combined!$G:$G,"Yes"))) | C11: =IF($A11="","",IF(COUNTIFS(Combined!$A:$A,$A11,Combined!$C:$C,C$5,Combined!$G:$G,"Yes")=0,"",AVERAGEIFS(Combined!$K:$K,Combined!$A:$A,$A11,Combined!$C:$C,C$5,Combined!$G:$G,"Yes"))) | D11: =IF($A11="","",IF(COUNTIFS(Combined!$A:$A,$A11,Combined!$C:$C,D$5,Combined!$G:$G,"Yes")=0,"",AVERAGEIFS(Combined!$K:$K,Combined!$A:$A,$A11,Combined!$C:$C,D$5,Combined!$G:$G,"Yes"))) | E11: =IF($A11="","",IF(COUNTIFS(Combined!$A:$A,$A11,Combined!$C:$C,E$5,Combined!$G:$G,"Yes")=0,"",AVERAGEIFS(Combined!$K:$K,Combined!$A:$A,$A11,Combined!$C:$C,E$5,Combined!$G:$G,"Yes"))) | F11: =IF($A11="","",IF(COUNTIFS(Combined!$A:$A,$A11,Combined!$C:$C,F$5,Combined!$G:$G,"Yes")=0,"",AVERAGEIFS(Combined!$K:$K,Combined!$A:$A,$A11,Combined!$C:$C,F$5,Combined!$G:$G,"Yes"))) | G11: =IF($A11="","",IF(COUNTIFS(Combined!$A:$A,$A11,Combined!$C:$C,100,Combined!$N:$N,">-1E+300")=0,"",AVERAGEIFS(Combined!$N:$N,Combined!$A:$A,$A11,Combined!$C:$C,100,Combined!$N:$N,">-1E+300"))) | H11: =IF($A11="","",COUNTIF('Tunnel runs'!$C:$C,$A11))
A12: =IF(Designs!$A11="","",Designs!$A11) | B12: =IF($A12="","",IF(COUNTIFS(Combined!$A:$A,$A12,Combined!$C:$C,B$5,Combined!$G:$G,"Yes")=0,"",AVERAGEIFS(Combined!$K:$K,Combined!$A:$A,$A12,Combined!$C:$C,B$5,Combined!$G:$G,"Yes"))) | C12: =IF($A12="","",IF(COUNTIFS(Combined!$A:$A,$A12,Combined!$C:$C,C$5,Combined!$G:$G,"Yes")=0,"",AVERAGEIFS(Combined!$K:$K,Combined!$A:$A,$A12,Combined!$C:$C,C$5,Combined!$G:$G,"Yes"))) | D12: =IF($A12="","",IF(COUNTIFS(Combined!$A:$A,$A12,Combined!$C:$C,D$5,Combined!$G:$G,"Yes")=0,"",AVERAGEIFS(Combined!$K:$K,Combined!$A:$A,$A12,Combined!$C:$C,D$5,Combined!$G:$G,"Yes"))) | E12: =IF($A12="","",IF(COUNTIFS(Combined!$A:$A,$A12,Combined!$C:$C,E$5,Combined!$G:$G,"Yes")=0,"",AVERAGEIFS(Combined!$K:$K,Combined!$A:$A,$A12,Combined!$C:$C,E$5,Combined!$G:$G,"Yes"))) | F12: =IF($A12="","",IF(COUNTIFS(Combined!$A:$A,$A12,Combined!$C:$C,F$5,Combined!$G:$G,"Yes")=0,"",AVERAGEIFS(Combined!$K:$K,Combined!$A:$A,$A12,Combined!$C:$C,F$5,Combined!$G:$G,"Yes"))) | G12: =IF($A12="","",IF(COUNTIFS(Combined!$A:$A,$A12,Combined!$C:$C,100,Combined!$N:$N,">-1E+300")=0,"",AVERAGEIFS(Combined!$N:$N,Combined!$A:$A,$A12,Combined!$C:$C,100,Combined!$N:$N,">-1E+300"))) | H12: =IF($A12="","",COUNTIF('Tunnel runs'!$C:$C,$A12))
A13: =IF(Designs!$A12="","",Designs!$A12) | B13: =IF($A13="","",IF(COUNTIFS(Combined!$A:$A,$A13,Combined!$C:$C,B$5,Combined!$G:$G,"Yes")=0,"",AVERAGEIFS(Combined!$K:$K,Combined!$A:$A,$A13,Combined!$C:$C,B$5,Combined!$G:$G,"Yes"))) | C13: =IF($A13="","",IF(COUNTIFS(Combined!$A:$A,$A13,Combined!$C:$C,C$5,Combined!$G:$G,"Yes")=0,"",AVERAGEIFS(Combined!$K:$K,Combined!$A:$A,$A13,Combined!$C:$C,C$5,Combined!$G:$G,"Yes"))) | D13: =IF($A13="","",IF(COUNTIFS(Combined!$A:$A,$A13,Combined!$C:$C,D$5,Combined!$G:$G,"Yes")=0,"",AVERAGEIFS(Combined!$K:$K,Combined!$A:$A,$A13,Combined!$C:$C,D$5,Combined!$G:$G,"Yes"))) | E13: =IF($A13="","",IF(COUNTIFS(Combined!$A:$A,$A13,Combined!$C:$C,E$5,Combined!$G:$G,"Yes")=0,"",AVERAGEIFS(Combined!$K:$K,Combined!$A:$A,$A13,Combined!$C:$C,E$5,Combined!$G:$G,"Yes"))) | F13: =IF($A13="","",IF(COUNTIFS(Combined!$A:$A,$A13,Combined!$C:$C,F$5,Combined!$G:$G,"Yes")=0,"",AVERAGEIFS(Combined!$K:$K,Combined!$A:$A,$A13,Combined!$C:$C,F$5,Combined!$G:$G,"Yes"))) | G13: =IF($A13="","",IF(COUNTIFS(Combined!$A:$A,$A13,Combined!$C:$C,100,Combined!$N:$N,">-1E+300")=0,"",AVERAGEIFS(Combined!$N:$N,Combined!$A:$A,$A13,Combined!$C:$C,100,Combined!$N:$N,">-1E+300"))) | H13: =IF($A13="","",COUNTIF('Tunnel runs'!$C:$C,$A13))
A14: =IF(Designs!$A13="","",Designs!$A13) | B14: =IF($A14="","",IF(COUNTIFS(Combined!$A:$A,$A14,Combined!$C:$C,B$5,Combined!$G:$G,"Yes")=0,"",AVERAGEIFS(Combined!$K:$K,Combined!$A:$A,$A14,Combined!$C:$C,B$5,Combined!$G:$G,"Yes"))) | C14: =IF($A14="","",IF(COUNTIFS(Combined!$A:$A,$A14,Combined!$C:$C,C$5,Combined!$G:$G,"Yes")=0,"",AVERAGEIFS(Combined!$K:$K,Combined!$A:$A,$A14,Combined!$C:$C,C$5,Combined!$G:$G,"Yes"))) | D14: =IF($A14="","",IF(COUNTIFS(Combined!$A:$A,$A14,Combined!$C:$C,D$5,Combined!$G:$G,"Yes")=0,"",AVERAGEIFS(Combined!$K:$K,Combined!$A:$A,$A14,Combined!$C:$C,D$5,Combined!$G:$G,"Yes"))) | E14: =IF($A14="","",IF(COUNTIFS(Combined!$A:$A,$A14,Combined!$C:$C,E$5,Combined!$G:$G,"Yes")=0,"",AVERAGEIFS(Combined!$K:$K,Combined!$A:$A,$A14,Combined!$C:$C,E$5,Combined!$G:$G,"Yes"))) | F14: =IF($A14="","",IF(COUNTIFS(Combined!$A:$A,$A14,Combined!$C:$C,F$5,Combined!$G:$G,"Yes")=0,"",AVERAGEIFS(Combined!$K:$K,Combined!$A:$A,$A14,Combined!$C:$C,F$5,Combined!$G:$G,"Yes"))) | G14: =IF($A14="","",IF(COUNTIFS(Combined!$A:$A,$A14,Combined!$C:$C,100,Combined!$N:$N,">-1E+300")=0,"",AVERAGEIFS(Combined!$N:$N,Combined!$A:$A,$A14,Combined!$C:$C,100,Combined!$N:$N,">-1E+300"))) | H14: =IF($A14="","",COUNTIF('Tunnel runs'!$C:$C,$A14))
A15: =IF(Designs!$A14="","",Designs!$A14) | B15: =IF($A15="","",IF(COUNTIFS(Combined!$A:$A,$A15,Combined!$C:$C,B$5,Combined!$G:$G,"Yes")=0,"",AVERAGEIFS(Combined!$K:$K,Combined!$A:$A,$A15,Combined!$C:$C,B$5,Combined!$G:$G,"Yes"))) | C15: =IF($A15="","",IF(COUNTIFS(Combined!$A:$A,$A15,Combined!$C:$C,C$5,Combined!$G:$G,"Yes")=0,"",AVERAGEIFS(Combined!$K:$K,Combined!$A:$A,$A15,Combined!$C:$C,C$5,Combined!$G:$G,"Yes"))) | D15: =IF($A15="","",IF(COUNTIFS(Combined!$A:$A,$A15,Combined!$C:$C,D$5,Combined!$G:$G,"Yes")=0,"",AVERAGEIFS(Combined!$K:$K,Combined!$A:$A,$A15,Combined!$C:$C,D$5,Combined!$G:$G,"Yes"))) | E15: =IF($A15="","",IF(COUNTIFS(Combined!$A:$A,$A15,Combined!$C:$C,E$5,Combined!$G:$G,"Yes")=0,"",AVERAGEIFS(Combined!$K:$K,Combined!$A:$A,$A15,Combined!$C:$C,E$5,Combined!$G:$G,"Yes"))) | F15: =IF($A15="","",IF(COUNTIFS(Combined!$A:$A,$A15,Combined!$C:$C,F$5,Combined!$G:$G,"Yes")=0,"",AVERAGEIFS(Combined!$K:$K,Combined!$A:$A,$A15,Combined!$C:$C,F$5,Combined!$G:$G,"Yes"))) | G15: =IF($A15="","",IF(COUNTIFS(Combined!$A:$A,$A15,Combined!$C:$C,100,Combined!$N:$N,">-1E+300")=0,"",AVERAGEIFS(Combined!$N:$N,Combined!$A:$A,$A15,Combined!$C:$C,100,Combined!$N:$N,">-1E+300"))) | H15: =IF($A15="","",COUNTIF('Tunnel runs'!$C:$C,$A15))
A18: Estimated apogee
A19: Vertical coast with constant drag, from burnout to apogee. Take burnout altitude and velocity from OpenRocket. Tunnel speeds are lower than flight speeds, so treat this as a comparison between designs.
A20: Design ID | B20: Coast mass (kg) | C20: Burnout altitude (m) | D20: Burnout velocity (m/s) | E20: Drag coefficient, stowed | F20: Drag coefficient, fully open | G20: Reference area (m²) | H20: Apogee, brakes stowed (ft) | I20: Apogee, brakes open all coast (ft) | J20: Target apogee (ft) | K20: Can the brakes reach the target?
A21: =$A6 | E21: =IF($A21="","",B6) | F21: =IF($A21="","",F6) | G21: =IF(COUNTIF(Designs!$A:$A,$A21)=0,"",INDEX(Designs!$D:$D,MATCH($A21,Designs!$A:$A,0))) | H21: =IF(OR($A21="",$B21="",$C21="",$D21="",E21="",$G21=""),"",($C21+$B21/(Settings!$B$19*E21*$G21)*LN(1+Settings!$B$19*E21*$G21*$D21^2/(2*$B21*Settings!$B$17)))*Settings!$B$18) | I21: =IF(OR($A21="",$B21="",$C21="",$D21="",F21="",$G21=""),"",($C21+$B21/(Settings!$B$19*F21*$G21)*LN(1+Settings!$B$19*F21*$G21*$D21^2/(2*$B21*Settings!$B$17)))*Settings!$B$18) | J21: =IF($A21="","",Settings!$B$20) | K21: =IF(OR(H21="",I21=""),"",IF(H21<J21,"No: too low even stowed",IF(I21>J21,"No: too high even fully open","Yes")))
A22: =$A7 | E22: =IF($A22="","",B7) | F22: =IF($A22="","",F7) | G22: =IF(COUNTIF(Designs!$A:$A,$A22)=0,"",INDEX(Designs!$D:$D,MATCH($A22,Designs!$A:$A,0))) | H22: =IF(OR($A22="",$B22="",$C22="",$D22="",E22="",$G22=""),"",($C22+$B22/(Settings!$B$19*E22*$G22)*LN(1+Settings!$B$19*E22*$G22*$D22^2/(2*$B22*Settings!$B$17)))*Settings!$B$18) | I22: =IF(OR($A22="",$B22="",$C22="",$D22="",F22="",$G22=""),"",($C22+$B22/(Settings!$B$19*F22*$G22)*LN(1+Settings!$B$19*F22*$G22*$D22^2/(2*$B22*Settings!$B$17)))*Settings!$B$18) | J22: =IF($A22="","",Settings!$B$20) | K22: =IF(OR(H22="",I22=""),"",IF(H22<J22,"No: too low even stowed",IF(I22>J22,"No: too high even fully open","Yes")))
A23: =$A8 | E23: =IF($A23="","",B8) | F23: =IF($A23="","",F8) | G23: =IF(COUNTIF(Designs!$A:$A,$A23)=0,"",INDEX(Designs!$D:$D,MATCH($A23,Designs!$A:$A,0))) | H23: =IF(OR($A23="",$B23="",$C23="",$D23="",E23="",$G23=""),"",($C23+$B23/(Settings!$B$19*E23*$G23)*LN(1+Settings!$B$19*E23*$G23*$D23^2/(2*$B23*Settings!$B$17)))*Settings!$B$18) | I23: =IF(OR($A23="",$B23="",$C23="",$D23="",F23="",$G23=""),"",($C23+$B23/(Settings!$B$19*F23*$G23)*LN(1+Settings!$B$19*F23*$G23*$D23^2/(2*$B23*Settings!$B$17)))*Settings!$B$18) | J23: =IF($A23="","",Settings!$B$20) | K23: =IF(OR(H23="",I23=""),"",IF(H23<J23,"No: too low even stowed",IF(I23>J23,"No: too high even fully open","Yes")))
A24: =$A9 | E24: =IF($A24="","",B9) | F24: =IF($A24="","",F9) | G24: =IF(COUNTIF(Designs!$A:$A,$A24)=0,"",INDEX(Designs!$D:$D,MATCH($A24,Designs!$A:$A,0))) | H24: =IF(OR($A24="",$B24="",$C24="",$D24="",E24="",$G24=""),"",($C24+$B24/(Settings!$B$19*E24*$G24)*LN(1+Settings!$B$19*E24*$G24*$D24^2/(2*$B24*Settings!$B$17)))*Settings!$B$18) | I24: =IF(OR($A24="",$B24="",$C24="",$D24="",F24="",$G24=""),"",($C24+$B24/(Settings!$B$19*F24*$G24)*LN(1+Settings!$B$19*F24*$G24*$D24^2/(2*$B24*Settings!$B$17)))*Settings!$B$18) | J24: =IF($A24="","",Settings!$B$20) | K24: =IF(OR(H24="",I24=""),"",IF(H24<J24,"No: too low even stowed",IF(I24>J24,"No: too high even fully open","Yes")))
A25: =$A10 | E25: =IF($A25="","",B10) | F25: =IF($A25="","",F10) | G25: =IF(COUNTIF(Designs!$A:$A,$A25)=0,"",INDEX(Designs!$D:$D,MATCH($A25,Designs!$A:$A,0))) | H25: =IF(OR($A25="",$B25="",$C25="",$D25="",E25="",$G25=""),"",($C25+$B25/(Settings!$B$19*E25*$G25)*LN(1+Settings!$B$19*E25*$G25*$D25^2/(2*$B25*Settings!$B$17)))*Settings!$B$18) | I25: =IF(OR($A25="",$B25="",$C25="",$D25="",F25="",$G25=""),"",($C25+$B25/(Settings!$B$19*F25*$G25)*LN(1+Settings!$B$19*F25*$G25*$D25^2/(2*$B25*Settings!$B$17)))*Settings!$B$18) | J25: =IF($A25="","",Settings!$B$20) | K25: =IF(OR(H25="",I25=""),"",IF(H25<J25,"No: too low even stowed",IF(I25>J25,"No: too high even fully open","Yes")))
A26: =$A11 | E26: =IF($A26="","",B11) | F26: =IF($A26="","",F11) | G26: =IF(COUNTIF(Designs!$A:$A,$A26)=0,"",INDEX(Designs!$D:$D,MATCH($A26,Designs!$A:$A,0))) | H26: =IF(OR($A26="",$B26="",$C26="",$D26="",E26="",$G26=""),"",($C26+$B26/(Settings!$B$19*E26*$G26)*LN(1+Settings!$B$19*E26*$G26*$D26^2/(2*$B26*Settings!$B$17)))*Settings!$B$18) | I26: =IF(OR($A26="",$B26="",$C26="",$D26="",F26="",$G26=""),"",($C26+$B26/(Settings!$B$19*F26*$G26)*LN(1+Settings!$B$19*F26*$G26*$D26^2/(2*$B26*Settings!$B$17)))*Settings!$B$18) | J26: =IF($A26="","",Settings!$B$20) | K26: =IF(OR(H26="",I26=""),"",IF(H26<J26,"No: too low even stowed",IF(I26>J26,"No: too high even fully open","Yes")))
A27: =$A12 | E27: =IF($A27="","",B12) | F27: =IF($A27="","",F12) | G27: =IF(COUNTIF(Designs!$A:$A,$A27)=0,"",INDEX(Designs!$D:$D,MATCH($A27,Designs!$A:$A,0))) | H27: =IF(OR($A27="",$B27="",$C27="",$D27="",E27="",$G27=""),"",($C27+$B27/(Settings!$B$19*E27*$G27)*LN(1+Settings!$B$19*E27*$G27*$D27^2/(2*$B27*Settings!$B$17)))*Settings!$B$18) | I27: =IF(OR($A27="",$B27="",$C27="",$D27="",F27="",$G27=""),"",($C27+$B27/(Settings!$B$19*F27*$G27)*LN(1+Settings!$B$19*F27*$G27*$D27^2/(2*$B27*Settings!$B$17)))*Settings!$B$18) | J27: =IF($A27="","",Settings!$B$20) | K27: =IF(OR(H27="",I27=""),"",IF(H27<J27,"No: too low even stowed",IF(I27>J27,"No: too high even fully open","Yes")))
A28: =$A13 | E28: =IF($A28="","",B13) | F28: =IF($A28="","",F13) | G28: =IF(COUNTIF(Designs!$A:$A,$A28)=0,"",INDEX(Designs!$D:$D,MATCH($A28,Designs!$A:$A,0))) | H28: =IF(OR($A28="",$B28="",$C28="",$D28="",E28="",$G28=""),"",($C28+$B28/(Settings!$B$19*E28*$G28)*LN(1+Settings!$B$19*E28*$G28*$D28^2/(2*$B28*Settings!$B$17)))*Settings!$B$18) | I28: =IF(OR($A28="",$B28="",$C28="",$D28="",F28="",$G28=""),"",($C28+$B28/(Settings!$B$19*F28*$G28)*LN(1+Settings!$B$19*F28*$G28*$D28^2/(2*$B28*Settings!$B$17)))*Settings!$B$18) | J28: =IF($A28="","",Settings!$B$20) | K28: =IF(OR(H28="",I28=""),"",IF(H28<J28,"No: too low even stowed",IF(I28>J28,"No: too high even fully open","Yes")))
A29: =$A14 | E29: =IF($A29="","",B14) | F29: =IF($A29="","",F14) | G29: =IF(COUNTIF(Designs!$A:$A,$A29)=0,"",INDEX(Designs!$D:$D,MATCH($A29,Designs!$A:$A,0))) | H29: =IF(OR($A29="",$B29="",$C29="",$D29="",E29="",$G29=""),"",($C29+$B29/(Settings!$B$19*E29*$G29)*LN(1+Settings!$B$19*E29*$G29*$D29^2/(2*$B29*Settings!$B$17)))*Settings!$B$18) | I29: =IF(OR($A29="",$B29="",$C29="",$D29="",F29="",$G29=""),"",($C29+$B29/(Settings!$B$19*F29*$G29)*LN(1+Settings!$B$19*F29*$G29*$D29^2/(2*$B29*Settings!$B$17)))*Settings!$B$18) | J29: =IF($A29="","",Settings!$B$20) | K29: =IF(OR(H29="",I29=""),"",IF(H29<J29,"No: too low even stowed",IF(I29>J29,"No: too high even fully open","Yes")))
A30: =$A15 | E30: =IF($A30="","",B15) | F30: =IF($A30="","",F15) | G30: =IF(COUNTIF(Designs!$A:$A,$A30)=0,"",INDEX(Designs!$D:$D,MATCH($A30,Designs!$A:$A,0))) | H30: =IF(OR($A30="",$B30="",$C30="",$D30="",E30="",$G30=""),"",($C30+$B30/(Settings!$B$19*E30*$G30)*LN(1+Settings!$B$19*E30*$G30*$D30^2/(2*$B30*Settings!$B$17)))*Settings!$B$18) | I30: =IF(OR($A30="",$B30="",$C30="",$D30="",F30="",$G30=""),"",($C30+$B30/(Settings!$B$19*F30*$G30)*LN(1+Settings!$B$19*F30*$G30*$D30^2/(2*$B30*Settings!$B$17)))*Settings!$B$18) | J30: =IF($A30="","",Settings!$B$20) | K30: =IF(OR(H30="",I30=""),"",IF(H30<J30,"No: too low even stowed",IF(I30>J30,"No: too high even fully open","Yes")))
